scenario,run_id,node_count,spark_master,input_format,extract_seconds,transform_seconds,load_seconds,total_seconds,feature_rows,resource_log,workload
1-node,r02,1,local[2],parquet,243.4046484680148,21.792777259019203,6.122819365002215,271.3202450920362,58976,outputs\logs\resource_usage_1-node_r02.csv,Compact
1-node-4c,r02,1,local[4],parquet,206.4916191500088,18.860833704995457,5.460893976007355,230.8133468310116,58976,outputs\logs\resource_usage_1-node-4c_r02.csv,Compact
1-node-8c,r02,1,local[8],parquet,176.70180550197256,21.20712076901691,7.473863258986967,205.38278952997644,58976,outputs\logs\resource_usage_1-node-8c_r02.csv,Compact
1-node,r03,1,local[2],parquet,246.18384621900623,21.135059654014185,5.158410591015127,272.47731646403554,58976,outputs\logs\resource_usage_1-node_r03.csv,Compact
1-node-4c,r03,1,local[4],parquet,209.59434532598243,18.99902503300109,5.837997610011371,234.4313679689949,58976,outputs\logs\resource_usage_1-node-4c_r03.csv,Compact
1-node-8c,r03,1,local[8],parquet,180.67448186699767,21.919056988001103,6.03410819201963,208.6276470470184,58976,outputs\logs\resource_usage_1-node-8c_r03.csv,Compact
1-node,r04,1,local[2],parquet,253.23566382800345,22.79673046298558,5.762019649002468,281.7944139399915,58976,outputs\logs\resource_usage_1-node_r04.csv,Compact
1-node-4c,r04,1,local[4],parquet,209.6213401830173,18.52259800900356,6.036577818973456,234.18051601099432,58976,outputs\logs\resource_usage_1-node-4c_r04.csv,Compact
1-node-8c,r04,1,local[8],parquet,178.05445314900135,16.93691121399752,5.619828385999426,200.6111927489983,58976,outputs\logs\resource_usage_1-node-8c_r04.csv,Compact
1-node,r05,1,local[2],parquet,231.88693243800665,21.48856615301338,5.627895779005485,259.0033943700255,58976,outputs\logs\resource_usage_1-node_r05.csv,Compact
1-node-4c,r05,1,local[4],parquet,228.67953847598983,24.518976564024342,6.454779179999605,259.6532942200138,58976,outputs\logs\resource_usage_1-node-4c_r05.csv,Compact
1-node-8c,r05,1,local[8],parquet,181.67571413499536,17.503247043001465,5.640756415989017,204.81971759398584,58976,outputs\logs\resource_usage_1-node-8c_r05.csv,Compact
1-node,r06,1,local[2],parquet,224.73405530600576,21.90047577797668,5.111572580004577,251.746103663987,58976,outputs\logs\resource_usage_1-node_r06.csv,Compact
1-node-4c,r06,1,local[4],parquet,210.6285475490149,20.02409710601205,6.359172316995682,237.01181697202264,58976,outputs\logs\resource_usage_1-node-4c_r06.csv,Compact
1-node-8c,r06,1,local[8],parquet,183.4957479040022,16.17400610499317,4.9388730059727095,204.60862701496808,58976,outputs\logs\resource_usage_1-node-8c_r06.csv,Compact
2-node,r02,2,spark://spark-master:7077,parquet,187.09918643700075,26.528734605002683,7.760797057009768,221.3887180990132,58976,outputs\logs\resource_usage_2-node_r02.csv,Compact
2-node,r03,2,spark://spark-master:7077,parquet,200.8671285059827,24.145747341011884,6.104998504015384,231.11787435101,58976,outputs\logs\resource_usage_2-node_r03.csv,Compact
2-node,r04,2,spark://spark-master:7077,parquet,189.69147672099643,25.44543099499424,6.583429235994117,221.7203369519848,58976,outputs\logs\resource_usage_2-node_r04.csv,Compact
2-node,r05,2,spark://spark-master:7077,parquet,201.10402199899545,24.748546435992463,6.172142195980996,232.0247106309689,58976,outputs\logs\resource_usage_2-node_r05.csv,Compact
2-node,r06,2,spark://spark-master:7077,parquet,193.98057001500277,27.11591396399308,6.853893750987481,227.9503777299833,58976,outputs\logs\resource_usage_2-node_r06.csv,Compact
3-node,r02,3,spark://spark-master:7077,parquet,313.6752808309975,45.02026470200508,7.401199559011729,366.0967450920143,58976,outputs\logs\resource_usage_3-node_r02.csv,Compact
3-node,r03,3,spark://spark-master:7077,parquet,246.84498148199052,34.283190062007634,9.00766978901811,290.1358413330163,58976,outputs\logs\resource_usage_3-node_r03.csv,Compact
3-node,r04,3,spark://spark-master:7077,parquet,280.47710720897885,32.7782476900029,6.669547327008331,319.9249022259901,58976,outputs\logs\resource_usage_3-node_r04.csv,Compact
3-node,r05,3,spark://spark-master:7077,parquet,255.33837893101736,32.226561424991814,8.499963422014844,296.064903778024,58976,outputs\logs\resource_usage_3-node_r05.csv,Compact
3-node,r06,3,spark://spark-master:7077,parquet,283.960601157014,39.6041633390123,7.94243783398997,331.5072023300163,58976,outputs\logs\resource_usage_3-node_r06.csv,Compact
1-node,r02,1,local[2],parquet,269.29278187901946,27.96235029300442,21.32914595201146,318.58427812403534,1180395,outputs\logs\resource_usage_1-node_r02.csv,Timeseries
1-node-4c,r02,1,local[4],parquet,255.1543866689899,26.34751084301388,19.64361868001288,301.14551619201666,1180395,outputs\logs\resource_usage_1-node-4c_r02.csv,Timeseries
1-node-8c,r02,1,local[8],parquet,205.4478277110029,26.26325518701924,22.487782309006437,254.19886520702855,1180395,outputs\logs\resource_usage_1-node-8c_r02.csv,Timeseries
1-node,r03,1,local[2],parquet,257.02842967095785,27.575144975970037,20.88276368996594,305.4863383368938,1180395,outputs\logs\resource_usage_1-node_r03.csv,Timeseries
1-node-4c,r03,1,local[4],parquet,253.02979201101695,26.483002774009947,20.647195789031684,300.1599905740586,1180395,outputs\logs\resource_usage_1-node-4c_r03.csv,Timeseries
1-node-8c,r03,1,local[8],parquet,202.9302603279939,25.76796737301629,20.11861487600254,248.81684257701272,1180395,outputs\logs\resource_usage_1-node-8c_r03.csv,Timeseries
1-node,r04,1,local[2],parquet,256.6513896360412,29.16368506901199,20.71778368600644,306.5328583910596,1180395,outputs\logs\resource_usage_1-node_r04.csv,Timeseries
1-node-4c,r04,1,local[4],parquet,250.21988783800043,26.498072562972084,20.017792758008,296.7357531589805,1180395,outputs\logs\resource_usage_1-node-4c_r04.csv,Timeseries
1-node-8c,r04,1,local[8],parquet,205.7137238400173,26.01046141301049,20.07576923700981,251.79995449003763,1180395,outputs\logs\resource_usage_1-node-8c_r04.csv,Timeseries
1-node,r05,1,local[2],parquet,248.89783620199887,28.40629602200352,21.7608764829929,299.0650087069953,1180395,outputs\logs\resource_usage_1-node_r05.csv,Timeseries
1-node-4c,r05,1,local[4],parquet,233.6587519419845,25.66563246800797,20.101465721032586,279.4258501310251,1180395,outputs\logs\resource_usage_1-node-4c_r05.csv,Timeseries
1-node-8c,r05,1,local[8],parquet,199.47965339402435,26.746997728012506,21.053883326007053,247.2805344480439,1180395,outputs\logs\resource_usage_1-node-8c_r05.csv,Timeseries
1-node,r06,1,local[2],parquet,251.49245943396815,27.125100139004644,19.81305179704213,298.43061137001496,1180395,outputs\logs\resource_usage_1-node_r06.csv,Timeseries
1-node-4c,r06,1,local[4],parquet,234.02798775298288,26.025326195987876,19.92644467903301,279.97975862800376,1180395,outputs\logs\resource_usage_1-node-4c_r06.csv,Timeseries
1-node-8c,r06,1,local[8],parquet,236.72092261497164,44.944838555005845,35.96258578100242,317.6283469509799,1180395,outputs\logs\resource_usage_1-node-8c_r06.csv,Timeseries
2-node,r02,2,spark://spark-master:7077,parquet,246.46215182897868,34.16381778899813,45.8431181369815,326.4690877549583,1180395,outputs\logs\resource_usage_2-node_r02.csv,Timeseries
2-node,r03,2,spark://spark-master:7077,parquet,235.27460447198249,43.97456358798081,26.9771399339661,306.22630799392937,1180395,outputs\logs\resource_usage_2-node_r03.csv,Timeseries
2-node,r04,2,spark://spark-master:7077,parquet,213.8710117269657,33.64047846395988,21.335906193009578,268.8473963839351,1180395,outputs\logs\resource_usage_2-node_r04.csv,Timeseries
2-node,r05,2,spark://spark-master:7077,parquet,228.6736953909858,32.026076325040776,21.6032573680277,282.3030290840543,1180395,outputs\logs\resource_usage_2-node_r05.csv,Timeseries
2-node,r06,2,spark://spark-master:7077,parquet,220.77393740799744,32.44783139100764,21.26286133105168,274.4846301300568,1180395,outputs\logs\resource_usage_2-node_r06.csv,Timeseries
3-node,r02,3,spark://spark-master:7077,parquet,485.8638668800122,120.9429827569984,89.83352326002205,696.6403728970326,1180395,outputs\logs\resource_usage_3-node_r02.csv,Timeseries
3-node,r03,3,spark://spark-master:7077,parquet,323.0718972660252,69.8998903700267,28.03998734097695,421.0117749770288,1180395,outputs\logs\resource_usage_3-node_r03.csv,Timeseries
3-node,r04,3,spark://spark-master:7077,parquet,370.4428705699975,78.63922763004666,34.15313204599079,483.2352302460349,1180395,outputs\logs\resource_usage_3-node_r04.csv,Timeseries
3-node,r05,3,spark://spark-master:7077,parquet,340.3370807470056,71.06385238998337,28.80010322900489,440.2010363659938,1180395,outputs\logs\resource_usage_3-node_r05.csv,Timeseries
3-node,r06,3,spark://spark-master:7077,parquet,265.9091196549707,52.05205531104002,24.98396507400321,342.94514004001394,1180395,outputs\logs\resource_usage_3-node_r06.csv,Timeseries
